shape,M,N,K,kind,threads,median_ms,min_ms,max_ms,gflops,max_abs_diff_vs_naive
conv1 b64,65536,32,27,naive,1,26.306583,23.772333,47.158333,4.304862,0.000000
conv1 b64,65536,32,27,reordered,1,11.451458,8.945208,13.485584,9.889239,0.000000
conv1 b64,65536,32,27,tiled,1,8.893334,8.739583,9.196791,12.733831,0.000000
conv1 b64,65536,32,27,simd,1,2.711000,2.502750,3.583167,41.772854,0.000000
conv1 b64,65536,32,27,threaded,3,1.096041,0.902375,1.635375,103.322967,0.000000
conv2 b64,16384,64,288,naive,1,340.933375,311.684042,365.592125,1.771548,0.000000
conv2 b64,16384,64,288,reordered,1,34.844084,31.147583,43.653292,17.333783,0.000000
conv2 b64,16384,64,288,tiled,1,32.248500,31.521500,32.992333,18.728926,0.000000
conv2 b64,16384,64,288,simd,1,12.557500,11.543375,14.562917,48.097135,0.000008
conv2 b64,16384,64,288,threaded,3,6.010542,4.865209,8.486500,100.486741,0.000008
conv3 b64,4096,128,576,naive,1,436.460334,403.669541,459.829458,1.383814,0.000000
conv3 b64,4096,128,576,reordered,1,27.834875,26.921583,42.702459,21.698670,0.000000
conv3 b64,4096,128,576,tiled,1,28.556958,22.898584,35.069334,21.150004,0.000000
conv3 b64,4096,128,576,simd,1,9.671416,8.574375,15.593792,62.449984,0.000027
conv3 b64,4096,128,576,threaded,3,4.055458,2.849167,6.160250,148.930103,0.000027
square 256,256,256,256,naive,1,17.618959,17.107916,18.677500,1.904450,0.000000
square 256,256,256,256,reordered,1,1.381125,1.376667,1.382209,24.295000,0.000000
square 256,256,256,256,tiled,1,1.397042,1.372750,1.529583,24.018198,0.000000
square 256,256,256,256,simd,1,0.424833,0.423125,0.432250,78.982640,0.000000
square 256,256,256,256,threaded,3,0.213791,0.211500,0.218791,156.949694,0.000000
square 512,512,512,512,naive,1,179.293791,166.576125,186.054542,1.497182,0.000000
square 512,512,512,512,reordered,1,12.038125,11.867500,13.292667,22.298776,0.000000
square 512,512,512,512,tiled,1,14.361458,13.625459,22.341417,18.691379,0.000000
square 512,512,512,512,simd,1,3.605208,3.368917,4.236458,74.457689,0.000021
square 512,512,512,512,threaded,3,1.950625,1.620000,2.657584,137.615101,0.000021
square 1024,1024,1024,1024,naive,1,1896.757834,1773.302708,1997.485959,1.132187,0.000000
square 1024,1024,1024,1024,reordered,1,117.280333,102.802500,149.637959,18.310689,0.000000
square 1024,1024,1024,1024,tiled,1,140.225583,120.795583,156.511834,15.314493,0.000000
square 1024,1024,1024,1024,simd,1,34.393125,26.835792,44.437917,62.439329,0.000051
square 1024,1024,1024,1024,threaded,3,13.585917,11.732375,16.955375,158.066890,0.000051
