engine,kind,batch,runs,median_ms_per_batch,ms_per_image,images_per_s
fp32,naive,1,10,11.570549,11.570549,86.426326
fp32,naive,16,10,181.064311,11.316519,88.366393
fp32,naive,64,6,744.349695,11.630464,85.981093
fp32,reordered,1,10,7.145389,7.145389,139.950393
fp32,reordered,16,10,114.693719,7.168357,139.501972
fp32,reordered,64,10,451.034978,7.047422,141.895869
fp32,tiled,1,10,3.976134,3.976134,251.500578
fp32,tiled,16,10,66.409481,4.150593,240.929456
fp32,tiled,64,10,264.103944,4.126624,242.328831
fp32,simd,1,10,0.460084,0.460084,2173.516141
fp32,simd,16,10,6.466439,0.404152,2474.313915
fp32,simd,64,10,27.225772,0.425403,2350.713875
fp32,threaded,1,10,0.372816,0.372816,2682.288314
fp32,threaded,16,10,3.057405,0.191088,5233.196125
fp32,threaded,64,10,11.165915,0.174467,5731.729106
int8,naive,1,10,6.431482,6.431482,155.485147
int8,naive,16,10,105.354514,6.584657,151.868195
int8,naive,64,10,410.850975,6.419546,155.774244
int8,simd,1,10,0.308518,0.308518,3241.301966
int8,simd,16,10,2.900232,0.181264,5516.800035
int8,simd,64,10,11.709901,0.182967,5465.460383
int8,threaded,1,10,0.314895,0.314895,3175.666771
int8,threaded,16,10,1.761842,0.110115,9081.407153
int8,threaded,64,10,6.859668,0.107182,9329.897599
