epoch,train_loss,train_acc,test_acc,lr,seconds
1,1.8703,0.3178,0.4931,0.00522,18.3
2,1.3733,0.5088,0.5811,0.01401,33.6
3,1.1406,0.6010,0.6721,0.02602,44.7
4,1.0026,0.6525,0.6202,0.03802,16.3
5,0.9260,0.6802,0.7149,0.04680,15.5
6,0.8548,0.7031,0.7067,0.05000,15.8
7,0.8083,0.7197,0.7297,0.04937,15.4
8,0.7641,0.7380,0.7513,0.04752,37.5
9,0.7316,0.7473,0.7644,0.04454,48.8
10,0.7064,0.7567,0.7703,0.04058,16.2
11,0.6729,0.7668,0.7679,0.03583,15.9
12,0.6480,0.7769,0.7688,0.03055,16.1
13,0.6192,0.7853,0.7900,0.02499,16.0
14,0.5867,0.7969,0.8031,0.01942,17.4
15,0.5553,0.8079,0.8047,0.01414,16.2
16,0.5221,0.8198,0.8110,0.00940,15.8
17,0.4891,0.8326,0.8275,0.00545,16.2
18,0.4577,0.8415,0.8324,0.00247,15.8
19,0.4276,0.8520,0.8367,0.00062,16.0
20,0.4138,0.8569,0.8371,0.00000,16.2
